Season,Week,AwayTeam,HomeTeam,BaselineTotal,TotalAdjustment,PredictedTotal,BaselineMargin,SpreadAdjustment,PredictedHomeMargin,PredictedSpread,PredictedWinner
2026,4,PIT,CLE,35.67,4.26,39.92,-3.33,4.42,1.09,CLE -1.1,CLE
2026,4,IND,WAS,49.0,-4.25,44.75,0.67,1.77,2.44,WAS -2.4,WAS
2026,4,TEN,BAL,43.0,9.62,52.62,12.0,-3.56,8.44,BAL -8.4,BAL
2026,4,NE,BUF,45.67,4.38,50.04,12.67,-1.23,11.43,BUF -11.4,BUF
2026,4,NYJ,CHI,51.0,-3.88,47.12,11.0,-6.71,4.29,CHI -4.3,CHI
2026,4,JAX,CIN,54.0,-2.66,51.34,-9.67,12.09,2.42,CIN -2.4,CIN
2026,4,DAL,HOU,47.33,-1.08,46.26,-9.0,10.59,1.59,HOU -1.6,HOU
2026,4,AZ,NYG,36.33,8.92,45.26,3.0,-1.79,1.21,NYG -1.2,NYG
2026,4,LAR,PHI,38.67,2.57,41.23,-4.0,5.01,1.01,PHI -1.0,PHI
2026,4,GB,TB,39.33,5.78,45.11,6.0,-9.45,-3.45,GB -3.4,GB
2026,4,MIA,MIN,35.67,11.86,47.53,26.67,-17.35,9.31,MIN -9.3,MIN
2026,4,KC,LV,58.67,-9.64,49.02,-1.33,6.64,5.31,LV -5.3,LV
2026,4,LAC,SEA,39.67,4.43,44.1,19.0,-10.88,8.12,SEA -8.1,SEA
2026,4,DEN,SF,52.67,-2.77,49.9,19.33,-10.62,8.71,SF -8.7,SF
2026,4,DET,CAR,60.67,-7.93,52.74,2.67,-2.65,0.01,CAR -0.0,CAR
2026,4,ATL,NO,44.0,5.98,49.98,5.0,-2.44,2.56,NO -2.6,NO
